{"0": {"x": -52886.0, "y": -8548.0, "z": null, "theta": null, "numAxes": 2}, "1": {"x": -45596.4, "y": -5519.3, "z": null, "theta": null, "numAxes": 2}, "2": {"x": -37966.700000000004, "y": -3086.0, "z": null, "theta": null, "numAxes": 2}, "3": {"x": -30173.9, "y": -1331.5, "z": null, "theta": null, "numAxes": 2}, "4": {"x": -22257.3, "y": -267.0, "z": null, "theta": null, "numAxes": 2}, "5": {"x": -14282.4, "y": 119.10000000000001, "z": null, "theta": null, "numAxes": 2}, "6": {"x": -6302.3, "y": -187.8, "z": null, "theta": null, "numAxes": 2}, "7": {"x": 1623.0, "y": -1212.1000000000001, "z": null, "theta": null, "numAxes": 2}, "8": {"x": 9456.800000000001, "y": -2912.7000000000003, "z": null, "theta": null, "numAxes": 2}, "9": {"x": 17101.4, "y": -5299.1, "z": null, "theta": null, "numAxes": 2}, "10": {"x": 24521.8, "y": -8341.4, "z": null, "theta": null, "numAxes": 2}, "11": {"x": 31696.0, "y": -11983.300000000001, "z": null, "theta": null, "numAxes": 2}, "12": {"x": 38430.200000000004, "y": -16262.0, "z": null, "theta": null, "numAxes": 2}}